"Review Id","User ID","Display Name","User Name","User Profile","User Avatar","User Location","User Is Verified","Rating","Additional Ratings","Review Title","Review Text","Helpful Votes","Photos","Trip Type","Stay Date","Created Date","Published Date","Language","Location","Location Id","URL"
"969541107","8D3EEF37121161AF77E225925717A40B","Heidi H","P6408QXheidih","https://www.tripadvisor.com/Profile/P6408QXheidih","https://media-cdn.tripadvisor.com/media/photo-o/1a/f6/e7/3d/default-avatar-2020-55.jpg","","No","5","Value: 5
Service: 5
Food: 5
Atmosphere: 5","Nice wedding party.","On 24 Aug 2024, we held our wedding in Frederiksmindes beautiful premises and surroundings. We had a great evening just like we had wanted. The waiters were smiling and welcoming. The food ranging from the appetizer to the night dinner, was a taste experience, with wines that suited perfectly. If the guests missed something and asked for it, it came immediately. 
We, as well as the guests who stayed there, slept in beautiful rooms, which are kept in the old style. The breakfast was also delicious.","0","","FRIENDS","2024-08-31","2024-09-13","2024-09-13","en","Hotel Frederiksminde","4419609","https://www.tripadvisor.com/ShowUserReviews-g1931733-d4419609-r969541107-Hotel_Frederiksminde-Praestoe_Vordingborg_Municipality_South_Zealand_Zealand.html"
"965121298","DFB9F3E6EFE6C3998E71760C9C42DABB","Lisa N","Misssophie1234","https://www.tripadvisor.com/Profile/Misssophie1234","https://media-cdn.tripadvisor.com/media/photo-s/09/6b/35/63/misssophie1234.jpg","Denmark","No","5","Value: 5
Service: 5
Food: 5
Atmosphere: 5","AN OUTSTANDING CHEF AND RESTAURANT AND SURROUNDINGS","AN ABSOLUTELY OUTSTANDING 18 COURSE EXPERIENCE with a variety and taste combinations like never before. The artfull presentation was out of this world, the details and finess put into each and every dish was a trip into a new world and so very delicate spiced . From each table the view of the bay was sooting and accompanied the excuisite meal  perfectly. The staff were extremely passionate about their job and put an honour in presenting every detail of the foods and they even knew more than expected about the wines on the selection being outstanding and extensive. I will have to come back and not just once!","0","","FRIENDS","2024-08-31","2024-08-16","2024-08-16","en","Hotel Frederiksminde","4419609","https://www.tripadvisor.com/ShowUserReviews-g1931733-d4419609-r965121298-Hotel_Frederiksminde-Praestoe_Vordingborg_Municipality_South_Zealand_Zealand.html"
"930151591","2493BE88ED5B20E2B0F5D9FD90C0BB79","Jesper B","772jesperb","https://www.tripadvisor.com/Profile/772jesperb","https://media-cdn.tripadvisor.com/media/photo-o/08/8c/fb/7e/jesper-b.jpg","Lundby","No","5","Value: 5
Service: 5
Food: 5
Atmosphere: 3","Very delicious Christmas lunch","We had chosen their Ingrid Christmas lunch, and it was a great pleasure.
The atmosphere was very pleasant, although there could probably be more Christmas decorations. Think we spotted a single Christmas decoration.
But having said that, the food was absolutely delicious. We had 3 servings, which first consisted of fish, followed by rib roast, medister etc. Finally, a delicious rice ala mande followed.
In addition, a delicious Christmas beer from Møns and the house's own Christmas schnapps.
The service is very polite and you hardly notice them.
A great pleasure and certainly not the last time we have been here.","0","https://media-cdn.tripadvisor.com/media/photo-m/1280/2b/0b/11/2e/caption.jpg","COUPLES","2023-12-31","2023-12-18","2023-12-18","en","Hotel Frederiksminde","4419609","https://www.tripadvisor.com/ShowUserReviews-g1931733-d4419609-r930151591-Hotel_Frederiksminde-Praestoe_Vordingborg_Municipality_South_Zealand_Zealand.html"
"917044013","7B167D97CC12B8BE75C95085A374E59E","Steen","sap1948","https://www.tripadvisor.com/Profile/sap1948","https://media-cdn.tripadvisor.com/media/photo-m/1280/1b/6b/fd/9c/72steen.jpg","Roskilde","No","5","Value: 5
Service: 5
Food: 5
Atmosphere: 5","Nice lunch","We were a family of seven - three generations who had a lovely lunch in the cozy outdoor area. Particularly delicious, simple and well-prepared smørrebrød from excellent ingredients served by an extremely welcoming, attentive and competent staff who were also ""good for children"" ;).","0","","FAMILY","2023-09-30","2023-09-17","2023-09-17","en","Hotel Frederiksminde","4419609","https://www.tripadvisor.com/ShowUserReviews-g1931733-d4419609-r917044013-Hotel_Frederiksminde-Praestoe_Vordingborg_Municipality_South_Zealand_Zealand.html"
"912612174","7F18D5FD639A1D192D57531841CF38E1","Jeppe S","Jeppes550","https://www.tripadvisor.com/Profile/Jeppes550","https://media-cdn.tripadvisor.com/media/photo-o/1a/f6/ed/ce/default-avatar-2020-7.jpg","Copenhagen","No","4","Value: 4
Service: 3
Food: 5
Atmosphere: 4","The operation is not sharp enough","We had booked a summer stay with coffee/cake in the afternoon and three courses for dinner and an overnight stay.
The food was really delicious and they make a point of growing as much green as possible themselves. Also, the main course was fish (sander), which was nice, as the main course is usually very meat-based.

The service was generally very good, but at that price range and with a Michelin star, I also expect a lot, and here Hotel Frederiksminde disappointed. Allergies were asked three times and with only six tables to be served, one would think that once was enough and then communicate it to all the employees rather than all the waiters asking the same thing. Attention was drawn to a slight nut allergy, but still food was served with hazelnut oil and walnut puree, and then I kind of give up.

I have had equally good dining experiences in other places that did not have a Michelin star, such as Stammershalle Badehotel and the now closed Babette in Vordingborg, but here the service was just much sharper.
","0","","COUPLES","2023-08-31","2023-08-24","2023-08-24","en","Hotel Frederiksminde","4419609","https://www.tripadvisor.com/ShowUserReviews-g1931733-d4419609-r912612174-Hotel_Frederiksminde-Praestoe_Vordingborg_Municipality_South_Zealand_Zealand.html"
"911707810","A2CAAFFF480308E1B141BBCC6C290873","Roar Maagaard","RoarMaagaard","https://www.tripadvisor.com/Profile/RoarMaagaard","https://media-cdn.tripadvisor.com/media/photo-o/1a/f6/e7/7b/default-avatar-2020-56.jpg","Aarhus","No","5","Value: 5
Service: 5
Food: 5
Atmosphere: 5","The Michelin star shines over Frederiksminde and Præstø Fjord.","We were given very exquisite snacks with champagne to start and then three courses (vegetables and fish) and finally petit fours. We sat in the fine restaurant with a perfect view of Præstø Fjord and the tables were perfect with ironed tablecloths. A rather complete experience. The dishes were at gourmet level - spec. the pike main course was absolutely perfect. They have a wine menu of course - but we got a German dry Riesling with all the dishes - and it was a fine choice.","0","","COUPLES","2023-08-31","2023-08-20","2023-08-20","en","Hotel Frederiksminde","4419609","https://www.tripadvisor.com/ShowUserReviews-g1931733-d4419609-r911707810-Hotel_Frederiksminde-Praestoe_Vordingborg_Municipality_South_Zealand_Zealand.html"
"894219657","6630F788C744B05E8680D35BB939D4BC","Rejsemus","Rejsemus","https://www.tripadvisor.com/Profile/Rejsemus","https://media-cdn.tripadvisor.com/media/photo-o/1a/f6/eb/a3/default-avatar-2020-38.jpg","Kalundborg","No","4","","Kaffe og kage solskins eftermiddag i haven","Det var lidt svært at finde betjening, det lykkedes til sidst i køkkenet. Vi fik god stempel kaffe, pragtfuld rabarbertærte, fin og sød betjening.","0","","FRIENDS","2023-06-30","2023-06-09","2023-06-09","da","Hotel Frederiksminde","4419609","https://www.tripadvisor.com/ShowUserReviews-g1931733-d4419609-r894219657-Hotel_Frederiksminde-Praestoe_Vordingborg_Municipality_South_Zealand_Zealand.html"
"889158954","36F512AFCB0384B004C460D541480E76","Mogens B","mogensb2018","https://www.tripadvisor.com/Profile/mogensb2018","https://media-cdn.tripadvisor.com/media/photo-m/1280/18/bf/a9/7d/mogensb2018.jpg","Copenhagen","No","5","","Skønt forårsophold","Helt igennem gennemført. Lækker menu med spændende vinmenu til. Vin menuen fik os ud i nogle hjørner vi ikke selv ville have valgt . Eksempelvis en orangevin som passede perfekt til serveringerne. Overraskende at der ingen kød var. Men vi savende det ikke. Alt personale var smilende ig nærværende . Vi kommer 100% tilbage","0","https://media-cdn.tripadvisor.com/media/photo-w/29/03/35/a2/caption.jpg
https://media-cdn.tripadvisor.com/media/photo-w/29/03/35/14/caption.jpg
https://media-cdn.tripadvisor.com/media/photo-w/29/03/35/13/caption.jpg
https://media-cdn.tripadvisor.com/media/photo-w/29/03/35/0e/caption.jpg","FRIENDS","2023-05-31","2023-05-06","2023-05-05","da","Hotel Frederiksminde","4419609","https://www.tripadvisor.com/ShowUserReviews-g1931733-d4419609-r889158954-Hotel_Frederiksminde-Praestoe_Vordingborg_Municipality_South_Zealand_Zealand.html"
"882505932","657DE044C14E72CBB8AEF8D1D57F5F05","Jane B","Y6188PYjaneb","https://www.tripadvisor.com/Profile/Y6188PYjaneb","https://media-cdn.tripadvisor.com/media/photo-o/1a/f6/ed/7b/default-avatar-2020-6.jpg","Holbaek","No","5","","Super ophold. God mad og betjening.","Super ophold. Dejlig mad og vin og god betjening.
Vi fik et dejligt værelse mod fjorden. Dejlig morgenmad. Smukt. 
Kan anbefales.","0","","COUPLES","2023-03-31","2023-03-17","2023-03-17","da","Hotel Frederiksminde","4419609","https://www.tripadvisor.com/ShowUserReviews-g1931733-d4419609-r882505932-Hotel_Frederiksminde-Praestoe_Vordingborg_Municipality_South_Zealand_Zealand.html"
"878500294","559AA760252BF653AFCF356EA191684B","Søren L","258s_renl","https://www.tripadvisor.com/Profile/258s_renl","https://media-cdn.tripadvisor.com/media/photo-o/16/ed/15/65/caption.jpg","Ringsted","No","3","","Lidt skuffende","Vi havde booket bord til 18:30 til essens menu den store 20 retters.
Vi blev modtaget af engelsktalende tjener ved bordet, der var nogle enkelte som snakket dansk. Lidt irriterende når der bliver forklaret retter, hvad det er osv. så kræver det man kan lidt teknisk engelsk. 
Der var ingen servering med nogen form af kød, alt var fra havet, lidt skuffende. 
Vi havde den store vinmenu og der blev serveret 9 forskellige, vi fik ikke at vide og de skulle drikkes til 1 eller flere retter. 
Synes det var lidt skuffende, når de har en stjerne.","1","https://media-cdn.tripadvisor.com/media/photo-w/28/2d/77/e4/caption.jpg
https://media-cdn.tripadvisor.com/media/photo-w/28/2d/77/e5/caption.jpg","COUPLES","2023-02-28","2023-02-13","2023-02-13","da","Hotel Frederiksminde","4419609","https://www.tripadvisor.com/ShowUserReviews-g1931733-d4419609-r878500294-Hotel_Frederiksminde-Praestoe_Vordingborg_Municipality_South_Zealand_Zealand.html"
"876733053","1CAA8DB4B4C6400F90E411B848F4D9EB","Jesper F","jesperfranch","https://www.tripadvisor.com/Profile/jesperfranch","https://media-cdn.tripadvisor.com/media/photo-o/1a/f6/ed/00/default-avatar-2020-4.jpg","Copenhagen","No","5","Value: 4
Service: 5
Food: 5","Meget højt niveau","Fantastisk god mad. Moderne og velsmagende. Velafstemt vinmenu og et godt vinkort, for de, der ikke tager menuen. Meget opmærksom og venlig betjening.","1","","NONE","2023-01-31","2023-01-29","2023-01-29","da","Hotel Frederiksminde","4419609","https://www.tripadvisor.com/ShowUserReviews-g1931733-d4419609-r876733053-Hotel_Frederiksminde-Praestoe_Vordingborg_Municipality_South_Zealand_Zealand.html"
"868910708","89FEB125809E2C7A1F21918A31AF190D","Tina S","S6228MAtinas","https://www.tripadvisor.com/Profile/S6228MAtinas","https://media-cdn.tripadvisor.com/media/photo-o/1a/f6/e2/4a/default-avatar-2020-42.jpg","Stege","No","5","","Formidabel mad oplevelse","Det var en fantastisk madoplevelse.
Mad og vin var afstemt, så det blev en formidabel oplevelse.
Der var god service og info omkring de forskellige retter og vine.
Helt klart topkarakter til Frederiksminde","0","","COUPLES","2022-11-30","2022-11-18","2022-11-18","da","Hotel Frederiksminde","4419609","https://www.tripadvisor.com/ShowUserReviews-g1931733-d4419609-r868910708-Hotel_Frederiksminde-Praestoe_Vordingborg_Municipality_South_Zealand_Zealand.html"
"864913216","CD1E1A9A2DEB9998B1BDECBB810CA605","Joanjensen","Joanjensen","https://www.tripadvisor.com/Profile/Joanjensen","https://media-cdn.tripadvisor.com/media/photo-o/1a/f6/df/99/default-avatar-2020-40.jpg","Kalundborg","No","3","Value: 3
Service: 3
Food: 3","Skuffende oplevelse med smørrebrødet","En Michelin-restaurant må forventes at ha en temmelig høj standard når man serverer dyrt smørrebrød til frokost. Det var så ikke tilfældet her, et skrabet stykke smørrebrød hvor man kunne se rugbrødet . Meget lidt pynt og slet ikke pengene værd . Det er sidste gang vi lægger penge der.","3","","NONE","2022-10-31","2022-10-17","2022-10-17","da","Hotel Frederiksminde","4419609","https://www.tripadvisor.com/ShowUserReviews-g1931733-d4419609-r864913216-Hotel_Frederiksminde-Praestoe_Vordingborg_Municipality_South_Zealand_Zealand.html"
"853805496","E84303328A6AC8B502884D540C22175E","hannelindhard","hannelindhard","https://www.tripadvisor.com/Profile/hannelindhard","https://media-cdn.tripadvisor.com/media/photo-o/1a/f6/ed/7b/default-avatar-2020-6.jpg","Copenhagen","No","3","","Essensen af græs og dyr vin","Restaurant Frederiksminde - vi fik lille Essens. Spisesalen er en falmet skønhed - udsigten fantastisk. Maden…altså det meste smagte godt - men der var for lidt spræl og lidt for meget smag af ‘nyslået græs’ i de fleste af serveringerne. Første servering skal spises med fingrene - og det er helt ok - men vi havde ingen tallerken og dermed dryppede den grønne vinaigratte ned på dugen. Det sætter kunden i forlegenhed og det ser herrens ud; under hele middagen skal man se på en plettet dug. Det er små serveringer - rødspætten, som var eneste ‘kødservering’ - var en udskæring på 4x6 cm! Ikke noget voksne mennesker bliver mæt af - vi måtte hjem og have en natmad. Vi skulle køre - så ingen vinmenu til os. Vi bestilte et glas champagne til hver, så påholdende hældt op at den ikke nåede op til glassets knæk. Der var ikke en dl i glasset. 200 kr pr. glas. Derefter en Rhinskvin - smagte godt 150 kr pr. glas. Til sidst et glas hvidvin fra vinmenuen - husker ikke navnet - men det var en premier cru Bourgogne; 250 kr. glasset. Det er ALT for dyrt - især når man ikke oplyser kunden om prisen. Vi bad om et vinkort - men der var kun hele flasker på, sagde tjeneren. Og dermed bestiller man glas i blinde. Vand tages der ikke penge for; tak for det.
Regningen lød på 3950 kr - fik vi valuta for pengene? - ikke rigtigt; det er mere en legeplads for kokken end for gæsten.","1","","COUPLES","2022-08-31","2022-08-13","2022-08-12","da","Hotel Frederiksminde","4419609","https://www.tripadvisor.com/ShowUserReviews-g1931733-d4419609-r853805496-Hotel_Frederiksminde-Praestoe_Vordingborg_Municipality_South_Zealand_Zealand.html"
"848578551","C2F4342109A8050A940A97DACAAB1615","James P","293JamesP","https://www.tripadvisor.com/Profile/293JamesP","https://media-cdn.tripadvisor.com/media/photo-o/1a/f6/f1/b8/default-avatar-2020-22.jpg","Brookline","No","5","Value: 5
Service: 5
Food: 5","Absolute master of vegetables!","Extraordinarily creative variations on what’s in season and flavorful.  We had the “smaller” essence menu – amazing and creative, although might have wanted to try some of the fish/meat dishes on the larger one.  Second night, had a simpler three-course menu with lovely vegetable creations again.","1","https://media-cdn.tripadvisor.com/media/photo-w/24/cb/22/39/raw-shrimp-with-caviar.jpg
https://media-cdn.tripadvisor.com/media/photo-m/1280/24/cb/22/47/sorrel-sorbet.jpg
https://media-cdn.tripadvisor.com/media/photo-w/24/cb/22/4b/breads.jpg
https://media-cdn.tripadvisor.com/media/photo-w/24/cb/22/64/kohlrabi.jpg
https://media-cdn.tripadvisor.com/media/photo-m/1280/24/cb/22/6b/grilled-vegetables.jpg
https://media-cdn.tripadvisor.com/media/photo-w/24/cb/22/6d/plaice-with-chives-and.jpg
https://media-cdn.tripadvisor.com/media/photo-m/1280/24/cb/22/74/dessert.jpg
https://media-cdn.tripadvisor.com/media/photo-m/1280/24/cb/22/78/bleak-roe-pie.jpg","NONE","2022-06-30","2022-07-18","2022-07-18","en","Hotel Frederiksminde","4419609","https://www.tripadvisor.com/ShowUserReviews-g1931733-d4419609-r848578551-Hotel_Frederiksminde-Praestoe_Vordingborg_Municipality_South_Zealand_Zealand.html"
"847215085","74C78330ED3114CBB0C4A805BC256D72","ole albæk","oleapedersen","https://www.tripadvisor.com/Profile/oleapedersen","https://media-cdn.tripadvisor.com/media/photo-o/1a/f6/e8/91/default-avatar-2020-62.jpg","Gentofte Municipality","No","4","Value: 3
Service: 5
Food: 3","Flot menu, men med meget voldsomme kiksere","Dejlig atmosfære, god betjening, fantastiske grøntsagsretter, mens 3 ud af 5 fiskeretter, var mislykkede. Utvivlsomt godt tænkte, men udførelsen var mislykkedes.
En dejlig ret med rå rejer og kaviar, var syltet ind i uendelige mængder af en meget gennemtrængende røget birketræsolie, uden nogen form for rejesmag eller kaviarsmag, ren spild af gode råvarer. Uden tvivl et spørgsmål om dosering, men langt fra målskiven. En lækkerpighvar over kogt/stegt med fin purløgspanering og kaviar, som havde fået så megen varme, at al konsistens og smag var væk, spild af gode råvarer. Grillet markrel grillet så meget, det smagte af træspåner, ingen fiskesmag til bage. Det var ikke til nogen stjerne. Godt Michelin ikke var forbi den aften.
Jeg tror på Frederiksminde og kommer tilbage, men det var bestemt ikke en præstation, som svarede til 5000 kr eller det halve.","0","","NONE","2022-07-31","2022-07-10","2022-07-10","da","Hotel Frederiksminde","4419609","https://www.tripadvisor.com/ShowUserReviews-g1931733-d4419609-r847215085-Hotel_Frederiksminde-Praestoe_Vordingborg_Municipality_South_Zealand_Zealand.html"
"840411911","6D4BC57259EF6E2A8C0FB3B1DF20854E","Siro L","sirol419","https://www.tripadvisor.com/Profile/sirol419","https://media-cdn.tripadvisor.com/media/photo-o/1a/f6/f1/06/default-avatar-2020-18.jpg","","No","1","","Could be nice but dishonest","Me and a friend we where in præstø,we are both chefs and we decide to pass by the hotel to drink something. Around 15 we was there,we sit outside in the beautiful outside area,in 5 min we ask for 2 prosecco wine,they didn't had at all. Ok,the waitress advise us for a rosè wine,without menù in our hand and without tell us the price,we said yes. Meanwhile we was drinking this tiny glass of wine,a guy from kitchen came to us and he start to explain us the philosophy of the restaurant and how they work there.he ask us if we wanted to had a tour of the kitchen and since we was chefs in a michelin star restaurant we said yes of course( there was absolutely nobody in the hotel when we were there,only staff). We had the tour and the guy from the kitchen was very nice and show us where they work and explain how they work.after he ask if we wanted something more and we decide to had a glass of snap that they made. Of course 2 second and it was gone. At the end we went to pay to the reception,another waiter came directly with the pos whitout any bill before and we paid 560 kr,for two glass of wine(not even fantastic) and two shot of snaps. If before i had a wondering to go there to have a dinner,now for sure i will never go inside that place,maybe the food it's delicious but that's stealing! There's many place better","0","","FRIENDS","2022-05-31","2022-05-28","2022-05-28","en","Hotel Frederiksminde","4419609","https://www.tripadvisor.com/ShowUserReviews-g1931733-d4419609-r840411911-Hotel_Frederiksminde-Praestoe_Vordingborg_Municipality_South_Zealand_Zealand.html"
"836779657","B8DEDC3A15BD9FAD4F3E4FD33501F21F","Elli S","Jet591379","https://www.tripadvisor.com/Profile/Jet591379","https://media-cdn.tripadvisor.com/media/photo-o/1a/f6/ef/32/default-avatar-2020-12.jpg","","No","3","","Skuffende","Vi holdt fødselsdag på Frederiksminde. Maden var god med absolut ikke Michelin kvalitet. Vinene var rigtig gode. 
Betjeningen!!!  Arrogant og bestemt ikke kundeminded. 
Trods fantastisk beliggenhed ikke et sted vi besøger igen endsige anbefaler. Desværre","1","","FRIENDS","2022-04-30","2022-05-01","2022-05-01","da","Hotel Frederiksminde","4419609","https://www.tripadvisor.com/ShowUserReviews-g1931733-d4419609-r836779657-Hotel_Frederiksminde-Praestoe_Vordingborg_Municipality_South_Zealand_Zealand.html"
"818517278","FE61CFD89DFD94DCD9152D8D43F465D0","Lasse Dam Rasmussen","DrDam4life","https://www.tripadvisor.com/Profile/DrDam4life","https://media-cdn.tripadvisor.com/media/photo-m/1280/1d/43/20/ba/drdam4life.jpg","Praestoe","No","5","","Fantastisk madoplevelse","Fantastisk mad og fantastiske omgivelser. Det er en kæmpe oplevelse at spise her, altid spændende mad med de bedste råvarer","0","","FRIENDS","2020-12-31","2021-11-13","2021-11-13","da","Hotel Frederiksminde","4419609","https://www.tripadvisor.com/ShowUserReviews-g1931733-d4419609-r818517278-Hotel_Frederiksminde-Praestoe_Vordingborg_Municipality_South_Zealand_Zealand.html"
"818038297","9F643FD8BE6201897F94340EA2AE2328","Maja N","939majan","https://www.tripadvisor.com/Profile/939majan","https://media-cdn.tripadvisor.com/media/photo-o/1a/f6/de/e7/default-avatar-2020-37.jpg","","No","3","","Meget dyrt middelmådigt ophold ","Frederiksminde er i og for sig et skønt sted - de burde bare beslutte sig for hvillket slags sted de ønsker at være. Når jeg betaler ca. 9000kr for et ophold i tårnværelset inkl. essensmiddag, så forventer jeg en vist standard, service og rengøring. Det er helt på sin plads at holde stedet i gammel stil som passer til stedet, men derfor kan man godt holde det rent og indbydende. Allerede da vi ankommer bemærker jeg at tæppet på trapperne er helt sort midt på af slid og ser faktisk beskidt ud. Tårnværelset (som vi har betalt 600kr ekstra for i stedet for et alm. dobbeltværelse) er koldt og kedeligt - og også beskidt. Tårnet kunne med få midler have været indrettet så hyggeligt og indbydende, men I stedet har man blot stillet en gammel sofa (med pletter) og to spisestuestole. Soveværelset giver lidt samme fornemmelse og der er ikke så meget som en flaske vand stillet frem der kunne indikere en minibar eller forfriskning. Badeværelset fungerer næsten ikke. Toilettetskyllet skal vinkles helt rigtigt for at virke, og jeg må simpelthen opgive at få et varmt bad, da der kun kommer få dråber ud af den varme hane. Eftermiddagskaffen og kagen er ok, men intet at skrive hjem om. Receptionen er ikke døgnåben, og generelt er der ikke ret meget service at mærke. - Det ville være helt rimeligt hvis prisniveauet lå måske en tredjedel lavere, men når vi befinder os i den absolutte høje ende (sammenlignet fx med Nimb og Falsled Kro hvor vi har haft lignende ophold til samme pris), så er mine forventninger til service og faciliteter altså er helt andet sted. Middagen var der sådan set ikke noget at sætte en finger på, så hvis I påtænke at besøge Frederiksminde vil jeg anbefale kun at komme og besøge restauranten og spare resten af pengene til et ophold et andet sted hvor man får mere for dem. ","2","https://media-cdn.tripadvisor.com/media/photo-m/1280/21/5c/36/7d/caption.jpg
https://media-cdn.tripadvisor.com/media/photo-m/1280/21/5c/36/7c/caption.jpg
https://media-cdn.tripadvisor.com/media/photo-m/1280/21/5c/36/7b/caption.jpg
https://media-cdn.tripadvisor.com/media/photo-m/1280/21/5c/36/7a/caption.jpg
https://media-cdn.tripadvisor.com/media/photo-m/1280/21/5c/36/79/caption.jpg
https://media-cdn.tripadvisor.com/media/photo-m/1280/21/5c/36/7e/caption.jpg","COUPLES","2021-10-31","2021-11-09","2021-11-09","da","Hotel Frederiksminde","4419609","https://www.tripadvisor.com/ShowUserReviews-g1931733-d4419609-r818038297-Hotel_Frederiksminde-Praestoe_Vordingborg_Municipality_South_Zealand_Zealand.html"
"804842638","C3421E07098A1FEF6A4F8E74C5B9B483","Per H","perh281","https://www.tripadvisor.com/Profile/perh281","https://media-cdn.tripadvisor.com/media/photo-o/15/52/3a/78/caption.jpg","Copenhagen","No","5","","19 små himmelske retter","Vi havde læst Søren Franks anmeldelse i Berlingske og det gjorde os nysgerrige så vi 
så frem til denne oplevelse og vi blev så absolut ikke skuffet.

Betjeningen var fremragende, meget venlige og korrekte.

Maden var sublim, helt på niveau med andre Michelin restauranter og serveret med en fantastisk udsigt.

Det er svært af vælge favoritter blandt de mange velsmagende retter men Tærten med løjrom var nok den bedste, skarpt forfulgt af de 18 andre små retter. Vil rose Jonas Mikkelsen for at have været meget kreativ med menuen/retterne og nød, at den bestod af udelukkende grønt og fisk/skaldyr. (Vi spiser kød).","0","https://media-cdn.tripadvisor.com/media/photo-w/1d/a1/01/d7/caption.jpg
https://media-cdn.tripadvisor.com/media/photo-m/1280/1d/a1/01/d6/caption.jpg
https://media-cdn.tripadvisor.com/media/photo-w/1d/a1/01/d5/caption.jpg","COUPLES","2021-08-31","2021-08-19","2021-08-19","da","Hotel Frederiksminde","4419609","https://www.tripadvisor.com/ShowUserReviews-g1931733-d4419609-r804842638-Hotel_Frederiksminde-Praestoe_Vordingborg_Municipality_South_Zealand_Zealand.html"
"799472022","30D382BCFC875AB680993E6F99A5079B","Martin H","FoodissoooGood","https://www.tripadvisor.com/Profile/FoodissoooGood","https://media-cdn.tripadvisor.com/media/photo-m/1280/1d/62/e3/58/martin-q-h.jpg","Hoersholm Municipality","No","3","Value: 2
Service: 2
Food: 3","Smukkeste sted, god mad, vigende service","Først det vigtigste - vi var 4 til frokost, og fik hver 3 stykker smørrebrød. Alle stykker pæne og velsmagende.
2 af os havde rødspætte som favoritten, en virkelig flot en af slagsen, tyndt paneret og veltilberedt. Serveret på godt brød, rejer og en brunet smør med capers og friske ærter. Virkelig en super lækker mad! 
2 havde svampetoast som favorit, og her her også en frækkert, med masser af dybde og velsmag.
Det ærgerlige ved oplevelsen var at vi var 2 som fik gris der var beskrevet med bla. solbær-BBQ og hasselnødder. Men hvor solbær-BBQ'en på ingen måde var at smage i retten (grisen kom i tyndt skårede stykker som pålæg) og man havde glemt hasselnødderne? Der skal siges at maden smagte rigtig godt, men knap så heldigt at 2 beskrevne elementer ikke var ""tilstede"", og som vi havde glædet os til ud fra beskrivelsen - især solbær BBQ!?
Dette er et sted hvor smørre brød (+/-) koster 140.- stykket - altså man tager kampen op imod Aaamanns, Palægade, Norrlyst (alle KBH), GODT (Odense), Morten's Kro (Ålborg) osv., men man er altså ikke i nærheden af nogle af disse steder på price/performance... og her kan man endda prale med en Michelin* ? 
Servicen lod desværre meget tilbage at ønske - alt startede godt, men herefter så vi kun nogen når maden kom eller tom service skulle ud. Således sad vi alle 4 med tomme glas og ej heller mere vand i kanderne til hele vores 2. mad/ret. Først da servicen her tages ud, og jeg spørger om vi kan få noget mere vand og se et vinkort sker der noget. Dette er simpelthen ikke godt nok på et sådant sted!!
Stedet opvejer til dels manglerne - for pokker hvor er det et smukt sted / beliggenhed og på sådan en dansk sommerdag MED sol kunne alt være gået op i en højere enhed, men gjorde det ikke. l.","0","https://media-cdn.tripadvisor.com/media/photo-w/1d/6d/5a/55/rodsaette-med-rejer-brunet.jpg
https://media-cdn.tripadvisor.com/media/photo-w/1d/6d/5a/73/kartoffel-mad-med-logrom.jpg
https://media-cdn.tripadvisor.com/media/photo-w/1d/6d/5a/8d/tatar-med-cremefraiche.jpg","NONE","2021-07-31","2021-07-24","2021-07-24","da","Hotel Frederiksminde","4419609","https://www.tripadvisor.com/ShowUserReviews-g1931733-d4419609-r799472022-Hotel_Frederiksminde-Praestoe_Vordingborg_Municipality_South_Zealand_Zealand.html"
"797876445","237BF8D767DBCE9C6CE6330E71DB238E","Stig E","413stige","https://www.tripadvisor.com/Profile/413stige","https://media-cdn.tripadvisor.com/media/photo-o/1a/f6/f2/eb/default-avatar-2020-27.jpg","","No","3","","Tror at vi nøjes med udsigten næste gang.","Havde en fantastisk aften på grund af selskabet vi var i. Maden derimod var skuffende, især af en Michelin restaurant at være.  Kartofler med ""knas"" (jord), kød hvor kniven blev testet til det yderste og vin med mere bundfald i glasset end der var mad på tallerkenen. Virkelig ærgerligt,  da stedet ligger fantastisk i skønne Præstø.","1","","FAMILY","2021-07-31","2021-07-18","2021-07-18","da","Hotel Frederiksminde","4419609","https://www.tripadvisor.com/ShowUserReviews-g1931733-d4419609-r797876445-Hotel_Frederiksminde-Praestoe_Vordingborg_Municipality_South_Zealand_Zealand.html"
"797675172","8564EF8079CD21C54EB084BBBD11C364","Lene Schmidt","Leschm","https://www.tripadvisor.com/Profile/Leschm","https://media-cdn.tripadvisor.com/media/photo-m/1280/18/30/8c/1f/729lenes.jpg","Aalborg","No","3","","Skuffende oplevelse","Vi tog endelig turen fra Aalborg for at opleve denne skønne perle - og meget skuffet blev vi! Fik den store Essens med insekter både i mad og vin og der manglede ingredienser i en af de retter, vi blev præsenteret for! Pinligt… også da en af tjenerne hældte hvidvin oveni champagnen 👎
Betjeningen var langt fra det, vi havde forestillet os af en Michelin restaurant. Langt fra pengene værd …
Beliggenheden er smuk og værelserne var ok og morgenmaden i top","3","","COUPLES","2021-07-31","2021-07-17","2021-07-17","da","Hotel Frederiksminde","4419609","https://www.tripadvisor.com/ShowUserReviews-g1931733-d4419609-r797675172-Hotel_Frederiksminde-Praestoe_Vordingborg_Municipality_South_Zealand_Zealand.html"
"797083964","5ADF4CADB9C227280A7245ACE6CC3DFB","Amalie","amalies902","https://www.tripadvisor.com/Profile/amalies902","https://media-cdn.tripadvisor.com/media/photo-o/1a/f6/e3/1f/default-avatar-2020-46.jpg","Copenhagen","No","2","Value: 1
Service: 3
Food: 3","Skuffelse - overpris for middelmådigt ophold","Vi havde booket 'hverdagsophold' i dobbeltværelse (værelse nummer 2). Ankom til et hotel i fin gammel stil i skønne omgivelser, men med ikke-opdateret, nedslidt interiør. Værelset var meget lille, med et tilhørende lille badeværelse, hvor der dårligt var plads til at hænge et håndklæde, og de medbragte toiletsager måtte stilles på toilettets cisterne. Gardiner, tæpper og vinduer var nedslidt med gammelt spindelvæv skyggende for udsigten og trægulvet knirkede højlydt. Der var intet garderobeskab til at hænge sit tøj og intet strygejern/strygebræt på værelset, til at råde bod på det krøllede tøj, der måtte tages direkte op af kufferten. 
Vi ville nyde et glas vin i hotellets have, blev desværre igen skuffet over de nedslidte faciliteter af havemøbler, og endte med at måtte trække os indendørs grundet to terrasse-'bålsted', der trods den velmenende tanke bag, blot stod og lugtede og osede kraftigt. Aftenens middag bestod af 'hverdagsmenuen', der med sine 3 retter og snacks stemte fint overens med vores forventninger i forhold til menuens pris (600 kr. pr menu), men dog ikke stemte overens med forventningerne for Frederiksminde. Vi fik anvist en plads med skøn udsigt over fjorden og aftenens betjening var særdeles venlig og imødekommende. 
Værelset havde ikke klimaanlæg og grundet den varme juli-nat måtte vi have vinduet åbent. Efter henvendelse hos personalet, som var venligt og behjælpeligt, kunne vi tage hotellets eneste ventilator med på værelset. Dog larmede den, så vi måtte slukke den for nattero. Vinduet var ud til hotellets parkeringsplads, og vi kunne derfor først falde til ro efter kl 1, da personalet var taget afsted i deres biler. Vi blev desværre tilsvarende vækket tidligt af støj fra de andre værelser, herunder det larmende trægulv, der høres tydeligt gennem væggene. På trods af at vi begge er læger, og vant til at sove for støj og på alle tidspunkter af dagen, kunne vi ikke sove igennem dette. 
Oven på natten ville det have været skønt med en kaffe til morgen, men der var selvfølgelig ikke en kaffemaskine på værelset.. 
Morgenmaden så vi frem til, og her blev vi ikke skuffede. Det var en dejlig anretning og personalet var igen imødekommende.
Vi gav 3000 kr. eksklusive drikkevarer, dvs. 1800 kr. for en overnatning i et lille, slidt værelse. Det er ikke godt nok og alt i alt en ærgerlig oplevelse, vi tager skuffede (og trætte) hjem fra, og bestemt ikke et sted vi vil besøge igen. Prisen er ude af proportioner og for at gentage en anden gæsts anmeldelse, vil jeg også tilslutte mig overskriften ""Kongen nye klæder"". Der betales her for hotellets navn og renomme..","1","https://media-cdn.tripadvisor.com/media/photo-w/1d/54/08/ab/badevaerelse.jpg
https://media-cdn.tripadvisor.com/media/photo-m/1280/1d/54/09/2f/vaerelse.jpg
https://media-cdn.tripadvisor.com/media/photo-w/1d/54/09/5a/vindueskarm.jpg","NONE","2021-07-31","2021-07-14","2021-07-14","da","Hotel Frederiksminde","4419609","https://www.tripadvisor.com/ShowUserReviews-g1931733-d4419609-r797083964-Hotel_Frederiksminde-Praestoe_Vordingborg_Municipality_South_Zealand_Zealand.html"